{
    "meta_info": {
        "num_stream": 2,
        "metric": "time",
        "frame_rate": 29.97002997002997,
        "num_frames": 774,
        "init_time": 0,
        "duration": 25.8258,
        "num_vector_pair": 3,
        "num_cross": 14,
        "first_stream": 1,
        "folder_path": "./data/"
    },
    "streams": [
        {
            "file": "pose_sync_ive_baddie_1.mp4",
            "start": 0,
            "end": 0
        },
        {
            "file": "pose_sync_ive_baddie_2.mp4",
            "start": 0,
            "end": 0
        }
    ],
    "cross_points": [
        {
            "frame_id": 4.671338004671338,
            "next_stream": 0,
            "vector_pairs": [
                {
                    "vector1": [
                        648,
                        145,
                        686,
                        151
                    ],
                    "vector2": [
                        1284,
                        307,
                        1323,
                        320
                    ]
                }
            ]
        },
        {
            "frame_id": 5.005005005005006,
            "next_stream": 1,
            "vector_pairs": [
                {
                    "vector1": [
                        194,
                        231,
                        368,
                        189
                    ],
                    "vector2": [
                        920,
                        357,
                        1091,
                        337
                    ]
                }
            ]
        },
        {
            "frame_id": 5.005005005005006,
            "next_stream": 0,
            "vector_pairs": [
                {
                    "vector1": [
                        194,
                        231,
                        368,
                        189
                    ],
                    "vector2": [
                        920,
                        357,
                        1091,
                        337
                    ]
                }
            ]
        }
    ],
    "scene_list": [
        [
            100,
            500,
            1000,
            1500
        ],
        [
            200,
            500,
            1500,
            3000
        ],
        [
            100,
            510,
            1000,
            1500
        ],
        [
            400,
            500,
            1000,
            1500
        ],
        [
            150,
            500,
            1000,
            1500
        ],
        [
            800,
            500,
            1000,
            1500
        ]
    ]
}