{
    "meta_info": {
        "num_stream": 2,
        "metric": "time",
        "frame_rate": 29.97002997002997,
        "num_frames": 4817,
        "init_time": 0,
        "duration": 160.72723333333334,
        "num_vector_pair": 3,
        "num_cross": 0,
        "first_stream": 1,
        "folder_path": "./data/"
    },
    "streams": [
        {
            "file": "ive_baddie_1.mp4",
            "start": 0,
            "end": 0
        },
        {
            "file": "ive_baddie_2.mp4",
            "start": 0,
            "end": 0
        }
    ],
    "cross_points": [],
    "scene_list": [
        [
            82,
            130,
            220,
            263,
            354,
            396,
            520,
            579,
            624,
            662,
            699,
            751,
            931,
            963,
            1116,
            1191,
            1374,
            1434,
            1479,
            1512,
            1547,
            1568,
            1611,
            1656,
            1747,
            1837,
            1907,
            1951,
            2019,
            2111,
            2170,
            2243,
            2326,
            2375,
            2467,
            2490,
            2537,
            2558,
            2623,
            2805,
            2871,
            2986,
            3052,
            3142,
            3166,
            3230,
            3280,
            3339,
            3369,
            3427,
            3456,
            3555,
            3686,
            3712,
            3773,
            3820,
            3907,
            3996,
            4067,
            4131,
            4223,
            4312,
            4356,
            4446,
            4528,
            4599
        ],
        [
            125,
            216,
            313,
            350,
            395,
            514,
            580,
            679,
            756,
            793,
            837,
            927,
            963,
            1051,
            1136,
            1265,
            1300,
            1468,
            1834,
            2014,
            2189,
            2289,
            2729,
            2868,
            3003,
            3184,
            3275,
            3348,
            3517,
            3547,
            3636,
            3709,
            3753,
            3777,
            3797,
            3820,
            3855,
            3990,
            4095,
            4115,
            4175,
            4264,
            4355,
            4401,
            4489,
            4610,
            4685,
            4753,
            4820
        ]
    ]
}