{
    "meta_info": {
        "num_stream": 2,
        "metric": "time",
        "frame_rate": 29.97002997002997,
        "num_frames": 774,
        "init_time": 0,
        "duration": 25.8258,
        "num_vector_pair": 3,
        "num_cross": 1,
        "first_stream": 1,
        "folder_path": "./data/"
    },
    "streams": [
        {
            "file": "pose_sync_ive_baddie_1.mp4",
            "start": 0,
            "end": 0
        },
        {
            "file": "pose_sync_ive_baddie_2.mp4",
            "start": 0,
            "end": 0
        }
    ],
    "cross_points": [
        {
            "time_stamp": 17.851166666666668,
            "next_stream": 0,
            "vector_pairs": [
                {
                    "vector1": [
                        135,
                        571,
                        259,
                        543
                    ],
                    "vector2": [
                        1752,
                        496,
                        1870,
                        493
                    ]
                }
            ]
        }
    ],
    "scene_list": [
        [
            100,
            500,
            1000,
            1500
        ],
        [
            200,
            500,
            1500,
            3000
        ],
        [
            100,
            510,
            1000,
            1500
        ],
        [
            400,
            500,
            1000,
            1500
        ],
        [
            150,
            500,
            1000,
            1500
        ],
        [
            800,
            500,
            1000,
            1500
        ]
    ]
}